"","X","I","year","firmid","CF","MV","S","size","CG","TC","TD"
"1",1,43.819809112354,2014,1,38.7073672011277,-0.624308003378224,51.5356897143647,15.3447142797073,4,58.3765932917595,0
"2",2,8.60770869019158,2015,1,6.95351755643651,-0.619819990000532,53.0895085759485,14.7060527878186,3,54.9190509086475,0
"3",3,33.8643619505504,2016,1,29.0628548581823,-0.972782644143237,53.7040145875521,14.9702965642328,2,61.6748818289489,0
"4",4,52.4738353418239,2017,1,39.7147210780911,-1.76244514539888,53.6339761522323,15.4137174862653,2,58.7131582340226,0
"5",5,40.1232651180967,2018,1,37.088101163848,-1.4425642343068,52.5409814336706,14.2229546616658,2,56.2143256841227,0
"6",6,8.30493809766596,2019,1,5.26408002372691,-1.97699395851035,52.9018003040855,14.5467040508052,2,57.6996162161231,0
"7",7,29.5486125728402,2020,1,19.4240954255841,-2.67860975228896,52.2604234785067,14.1057959449279,2,64.6354085253552,0
"8",8,36.8313521035919,2021,1,31.3116121969905,-2.2075328021583,52.1383201505988,13.9514624587894,2,67.7794354083017,0
"9",9,12.5449969018015,2014,2,11.8962793153443,7.02628644837279,55.7758460193872,15.2428068009351,9,63.7563479971141,0
"10",10,23.9881735253393,2015,2,35.8460550033202,6.87506826374518,55.4848910555618,15.2661627444164,9,67.0208333712071,0
"11",11,15.9339870361393,2016,2,17.3587118952255,6.06255789738352,55.2268786233297,13.9776628062904,8,80.7339306827635,0
"12",12,12.6699845087552,2017,2,10.6934998427393,5.72493898022213,56.194411756675,15.2397685683594,8,93.6064669303596,0
"13",13,7.47590919049551,2018,2,5.54428532415715,6.72539081498638,52.5114618732479,15.0910542529002,8,92.9803258785978,0
"14",14,12.980721462648,2019,2,4.14660580953211,7.43162431030845,53.4713250351348,13.9782500811588,8,92.6114646857604,0
"15",15,22.7592796396568,2020,2,25.4855344699885,6.81686780362857,54.1945760389948,15.3350359878753,7,106.505451863632,0
"16",16,1.88429637449193,2021,2,17.6075753382915,7.60870535988353,55.6583589803819,15.3945818750057,7,106.095908554271,0
"17",17,7.91566626889662,2014,3,11.6716838277993,-1.92292715639151,71.627017473802,14.9457669540675,1,84.2578788194805,1
"18",18,33.2929612636482,2015,3,29.171818262608,-1.50970763052335,71.3797450232609,15.4596329945204,1,92.9555543512106,1
"19",19,30.9167903778573,2016,3,31.9246010374691,-1.00643070815562,72.8677305055151,15.3647608107251,0,100.118514737114,1
"20",20,23.2037266972216,2017,3,23.5637437963936,-1.42441974947505,72.7825558926223,14.4051239827584,0,112.005925942212,1
"21",21,16.9917504624958,2018,3,10.8595501940479,-1.24064848478227,73.1113122212938,15.3400444229705,0,108.803142434917,1
"22",22,4.3639671590706,2019,3,2.78782960761147,-1.06375608981782,73.0818977849438,14.938176973898,0,120.51593773067,1
"23",23,2.61065779621274,2020,3,6.91206867065874,-0.533629449008474,72.1391358646158,15.482281673943,0,117.654850361869,1
"24",24,24.2204519007436,2021,3,27.0002935769923,-0.239032578271762,71.8581153599383,15.3986001174547,0,120.299231684767,1
"25",25,36.4626699989317,2014,4,37.6620281040362,6.77899321973863,57.337105711922,15.3018246490132,1,10.4137737769634,0
"26",26,29.9943470841514,2015,4,30.8464385247557,6.07864347379399,56.6696509577211,15.0493869775792,1,20.8028578339145,0
"27",27,10.5388499775061,2016,4,4.13933377662053,6.44086979873392,57.5206651893229,15.1112300026933,0,33.8177188206464,0
"28",28,52.3368887059101,2017,4,36.1851872953643,6.89687981064965,59.4310099588767,14.8196929032585,0,30.7548163970932,0
"29",29,13.3639584570143,2018,4,4.38655664664472,7.3874222907273,60.3847885190846,14.1872444375289,0,34.5441120490432,0
"30",30,3.55066040104992,2019,4,12.3225480464674,8.04071143189733,61.4192732085583,15.3162635400369,0,45.6022841483355,0
"31",31,7.07929556928123,2020,4,7.8248821385054,8.27605129617435,61.8520991236051,14.5179942605517,0,48.4842479787767,0
"32",32,17.2059278576575,2021,4,16.5757901558298,7.70162657329588,63.3432532360773,14.9958635761768,0,49.7426672978327,0
"33",33,21.1572702704933,2014,5,21.6350543800332,3.63427724929675,28.9120937464759,14.0851075023002,5,102.353010503575,0
"34",34,11.0654057791011,2015,5,7.42710450189874,3.80708473130233,28.0159214237438,15.0849233934801,5,105.835264059715,0
"35",35,41.8952954768355,2016,5,37.2359545953046,3.43700385570779,28.6547704672562,15.1414423554233,4,116.848741113208,0
"36",36,17.8766829075919,2017,5,13.2377078862505,4.27677813129417,28.6792798695575,14.7788484205883,3,117.999942777678,0
"37",37,15.521311274084,2018,5,6.49521677377391,3.79339787123033,29.3832382916544,15.2762109050426,3,115.605411576107,0
"38",38,12.3642377572686,2019,5,5.01653253177906,3.1068793649449,27.1939822146452,14.6928352508251,3,114.242346207611,0
"39",39,26.7191394917626,2020,5,17.3961539643121,3.49196160187659,26.5531192747936,13.7038478856867,2,120.507528674789,0
"40",40,13.3334614233575,2021,5,10.6187711771206,2.94289545496574,27.296458516071,14.9114696879433,2,129.870480806567,0
"41",41,20.1115271431306,2014,6,11.3643452275711,-1.6808901114768,48.7370885582641,13.9249684599361,0,97.5403749477118,0
"42",42,5.33403217086278,2015,6,4.83138040088088,-1.67869057229066,49.6332403548958,14.008521913478,0,95.8584446134046,0
"43",43,38.8629607276198,2016,6,32.522203712523,-1.52153758139512,49.8617118541789,14.1349725366021,0,106.7720168503,1
"44",44,40.9923233166471,2017,6,33.2369771192946,-1.11908322021191,48.8608427599754,14.9613364017948,0,102.80102299992,0
"45",45,26.0947532721191,2018,6,13.3135980177991,-1.21883682757457,48.2118195821605,13.8493327138666,0,101.763139190152,0
"46",46,25.5618003217169,2019,6,24.6699641893971,-1.0893521310935,46.3745449210886,14.3848609955972,0,105.484755770303,0
"47",47,38.636045859685,2020,6,34.2778454570008,-0.731534198337496,46.2947966469819,14.417784210254,0,111.067290096544,1
"48",48,19.1281069704807,2021,6,14.0323041767745,-0.405574205496481,45.4842241492742,15.2406710595034,0,109.425629419275,0
"49",49,11.2118275417168,2014,7,4.69408464317844,9.29511994800555,18.4462815709412,14.8547566654107,0,21.0723940748721,0
"50",50,28.6644823855501,2015,7,21.6732684510175,9.43630642230924,18.7337442043149,14.0063265661693,0,26.3591903122142,0
"51",51,10.5933617852774,2016,7,5.15242823527209,9.07193251216797,17.9114948936102,14.6837056489831,0,37.4431415926665,0
"52",52,53.635146786208,2017,7,32.5295407737963,8.3252859760246,18.6476078011918,14.3538763799029,0,48.0390205746517,0
"53",53,29.3756649877892,2018,7,12.019438957074,7.7159561594736,19.8184946258107,15.0267276815317,0,62.6160207623616,0
"54",54,52.3411814376988,2019,7,33.3927664958761,7.51902383983982,21.4723961692728,14.3712920873493,0,73.3682827884331,0
"55",55,51.8181085174119,2020,7,37.7270064859472,8.02633208435043,19.80231383964,15.2555603591761,0,71.4514841651544,0
"56",56,50.254269779959,2021,7,31.9793919540197,7.32069673796166,20.6353181191452,15.0616252029109,0,68.088734340854,0
"57",57,21.6595516804271,2014,8,17.5487309410156,-4.5605620907681,35.0891086785123,13.8964376932255,1,106.845723120496,0
"58",58,43.0299136426497,2015,8,30.2687516767409,-5.07085174280297,34.0591713716202,14.0232816643117,0,110.406831442378,0
"59",59,16.2972150408049,2016,8,11.6361989648104,-5.4492301837936,35.0761346000051,14.8116336552829,0,111.256878888234,0
"60",60,11.5970285504813,2017,8,3.92443882666046,-5.02959002840205,34.0832983666979,13.7414041243535,0,122.428535143845,0
"61",61,34.7172277194231,2018,8,21.6071489025237,-4.41146641668482,32.8259022054242,13.7610620197604,0,134.70046479255,0
"62",62,35.7146093370164,2019,8,26.3386401501476,-3.64600029854959,32.3866407130885,14.4570496049834,0,145.31147706788,1
"63",63,24.8521277655852,2020,8,14.2911237413201,-3.18044630678095,33.1399823792311,15.2621766091339,0,148.454973101616,1
"64",64,14.5866489770752,2021,8,16.3117134110924,-2.72300449605201,34.1710258104121,15.357729196215,0,149.021134660579,0
"65",65,2.36696631771358,2014,9,6.209854476551,6.03465566507763,68.8908383343369,14.5156272440827,1,8.03531291894615,0
"66",66,6.17479807671206,2015,9,15.5359642188249,5.6360514443936,68.4717567916495,15.361661320393,1,8.35255323443562,0
"67",67,13.1578909536218,2016,9,19.8241888305155,5.18276877274943,67.6989999440978,15.4798003801,1,15.1080652419478,0
"68",68,36.573022763726,2017,9,27.9018975434475,5.52666819238627,69.3496346039603,14.4819566490937,0,14.666866986081,0
"69",69,34.4026423782497,2018,9,27.2317470119537,4.04753297429743,69.0899916763098,15.3130755420546,0,13.641115357168,0
"70",70,30.99852544592,2019,9,31.1828199333729,4.6167865767379,68.6052062130883,15.4703988192798,0,16.7342344718054,0
"71",71,28.2345416581165,2020,9,32.0515197706223,4.28180790613917,68.2447517963943,14.4465267384896,0,28.0230002803728,0
"72",72,14.3847247676576,2021,9,11.9405925401423,4.74654445789657,69.136301764826,15.4822077105467,0,38.970109722577,0
"73",73,28.1965445977407,2014,10,17.4821927510649,-1.59538901563401,16.6353459237143,14.7949814592723,4,70.4627023823559,0
"74",74,42.406961897591,2015,10,35.0244816669151,-1.89091835186469,18.2076175965986,14.7063222724907,4,78.894689460285,0
"75",75,31.3752003943002,2016,10,21.6793032465708,-1.9755504635002,20.2008071990299,14.5599356373497,3,90.19486005418,0
"76",76,52.6194774779138,2017,10,39.1307791807185,-0.828926180932534,20.5056729308386,14.8542784176781,3,104.07604564447,0
"77",77,16.403252703902,2018,10,5.91243621762241,-0.953735152381407,20.9892775455238,14.8809793486378,3,101.591105395928,0
"78",78,4.67028063907044,2019,10,1.10078360627671,0.0624539915479057,21.112566706155,13.9375357782881,2,99.2339164577425,0
"79",79,53.1023943661578,2020,10,35.8137325158834,-0.544401779989691,20.4297330680693,15.2068742848565,1,103.50481854286,0
"80",80,11.6646665571498,2021,10,4.37592901211897,0.069237005958802,20.4296582285542,14.432210281261,0,111.524888593704,0
"81",81,54.8916000833697,2014,11,38.3152512776861,-4.7401424143534,15.0556537415832,15.116348911597,0,41.7360340896994,0
"82",82,32.2646054532538,2015,11,22.8764942868421,-5.26902232817346,15.4801525745098,15.042767519823,0,47.3472713073716,0
"83",83,7.51241320900712,2016,11,2.27190768660998,-4.61211856348119,14.4759139548972,15.0070359049619,0,49.0673328051344,0
"84",84,30.5029133846025,2017,11,25.2303985831584,-4.28223305341307,14.6464145082912,12.8592920056048,0,53.8756140647456,0
"85",85,10.6421068431396,2018,11,3.5693999324606,-3.84079717990354,14.9007303576028,14.59643179938,0,68.1074346136302,0
"86",86,17.9141676397283,2019,11,8.67698741405413,-4.08966259940094,14.4677954393619,14.2636968823534,0,70.8417954947799,0
"87",87,29.1108733499495,2020,11,17.0502147050768,-4.2972078509137,14.9079566090413,15.2439283584997,0,83.2779753301293,0
"88",88,30.470167087744,2021,11,19.8362055995362,-4.72987752177342,14.929088004593,15.1179419753277,0,84.6916002454236,0
"89",89,14.4914262594376,2014,12,16.6013241498655,10.1191994202251,35.8218290889636,15.144453939792,2,20.154370740056,0
"90",90,38.1171668126181,2015,12,34.34530709868,9.55938757896953,35.8972072537824,13.7597256998038,1,24.6112071163952,0
"91",91,-4.68592246250811,2016,12,7.15360510663689,9.71925900490975,36.2194791050174,14.9175472239059,1,25.7518531614915,0
"92",92,26.087349004016,2017,12,18.3887483707045,9.70543905531713,35.7713459405654,15.0769367164118,0,26.2566136289388,0
"93",93,25.0373197639888,2018,12,6.73429874800703,9.42652049128928,35.0577382319906,14.9087460378858,0,23.6110009951517,0
"94",94,14.4775244622482,2019,12,4.98737947479936,9.66118491611992,34.3530561696683,13.9212158305932,0,23.9638778008521,0
"95",95,21.8385036148839,2020,12,21.7985486928136,9.18798003684617,34.1578239621647,15.3491125466816,0,31.2608256656677,0
"96",96,23.2970173077453,2021,12,22.6240927262096,8.69113761293005,31.9026526193252,14.4059209876051,0,45.9669148456305,0
"97",97,25.7404234660388,2014,13,16.45896339689,-2.2665967092209,41.8724027043208,15.1704421523557,1,110.343177327886,0
"98",98,30.7415278854558,2015,13,25.3027167806356,-2.58558728813507,42.4509122154938,15.1314971678747,0,115.568409226835,0
"99",99,2.59818496568801,2016,13,0.879968959182453,-2.89198399852887,43.7613960963535,14.8450564125231,0,127.722294069827,0
"100",100,55.1582003814905,2017,13,39.5546772014669,-2.7073373945431,44.3662736829484,15.3964349124143,0,137.019341206178,0
"101",101,26.5521527961612,2018,13,23.2611859408421,-2.59816506498444,44.5356982451808,15.1289855431119,0,149.96415194124,1
"102",102,-0.245096204898209,2019,13,3.46069719460614,-2.31485456900926,45.2085276108297,15.1399446312456,0,148.607069300488,1
"103",103,14.8310617620098,2020,13,1.27777526327073,-2.31645289734503,44.9422905400596,14.8340479683443,0,158.559231706895,0
"104",104,8.38513941772534,2021,13,9.26331329045784,-3.12649676442518,44.6701094466952,14.6259260290639,0,154.553566779941,1
"105",105,18.6649332173042,2014,14,22.7744923212685,-1.10913141959061,47.0164132956415,14.6363705988489,6,70.5422317516059,0
"106",106,31.9985622717122,2015,14,37.1216161843741,-1.67574889455827,45.9956068465706,13.954509970815,6,77.9564504278824,0
"107",107,16.870401159444,2016,14,4.99538292572755,-2.22832723066525,47.0896086066079,14.373884024856,5,73.3533846028149,0
"108",108,6.26627973511693,2017,14,4.60122180894382,-2.01142253792957,47.7574892068195,14.4855366208774,5,85.9372014319524,0
"109",109,41.2432330117545,2018,14,38.9490329414776,-1.87136109010145,48.0119445014929,14.3376834913219,5,85.1845574844629,0
"110",110,24.9637360243243,2019,14,23.7361310806494,-2.33393301249986,47.8618644335949,15.1321205748936,4,80.4907529475167,0
"111",111,19.9309804158597,2020,14,14.2654268091878,-2.5444061104795,48.3435019808626,15.1577397883044,3,76.0661185299978,0
"112",112,39.7302745646944,2021,14,28.6912802840471,-2.17393417814202,49.8249713796605,14.6792120647999,2,80.0785352475941,0
"113",113,26.5620207837908,2014,15,30.2658491155875,5.88255508899903,56.4169206703082,15.0705730991668,4,9.81323804706335,0
"114",114,34.5558444855173,2015,15,37.754712324203,5.83421148626006,55.0703212580999,15.3054915032301,3,5.5359109910205,0
"115",115,32.4823901794366,2016,15,34.8636406750742,6.11074204484533,56.8167738351047,14.1074092677114,2,18.932520635426,0
"116",116,28.2203939923009,2017,15,19.5568788463688,5.12245066740119,55.157597059927,15.1932792960697,2,30.8765826001763,0
"117",117,35.0174067803526,2018,15,24.8823052175747,4.77927750666298,54.2929232370787,15.2487662952829,2,30.7263364782557,0
"118",118,18.010393454909,2019,15,19.172618278154,4.73730731083037,53.8758216987628,15.2364825295247,2,34.0102550201118,0
"119",119,13.5087860137706,2020,15,15.4923183758823,4.82202166152709,53.3932387728564,15.4276602333124,2,44.1446168208495,0
"120",120,17.8553377440777,2021,15,16.7408748348694,4.96282064486577,53.5599016055688,15.24165703705,1,55.2728043403476,0
"121",121,35.3312056063789,2014,16,33.3138602586461,-5.91091763144917,66.128907809034,15.2797804434593,2,115.868205698207,1
"122",122,24.6937260979381,2015,16,20.9451937519146,-5.997902733878,66.6812394776278,15.2654479447401,1,113.71036874596,1
"123",123,38.9342404578482,2016,16,34.6590855419967,-5.211310712356,67.1262165444094,14.5414049206775,0,116.129608536139,1
"124",124,-3.26204985509015,2017,16,0.789469707080913,-3.9108848442211,67.3931809047929,14.2824303275063,0,118.962796521373,1
"125",125,7.66722328930006,2018,16,1.84927259360406,-4.573028653653,69.6946330765821,14.1842871827037,0,125.761662800796,1
"126",126,20.2712134306409,2019,16,14.1045846138266,-4.48750331427918,70.7737100514014,15.0421501539997,0,134.230288499966,1
"127",127,44.1347053953658,2020,16,35.6082188891726,-4.57044660414187,70.9560961978212,15.371398316971,0,142.951594418846,1
"128",128,28.4776337093837,2021,16,25.3925916115486,-4.72198006633092,68.5966666331643,14.7562386761977,0,144.052172526717,1
"129",129,24.6427223869207,2014,17,33.7112386074731,5.10513331129164,31.1488736327738,15.1838064260987,8,8.78475195728242,0
"130",130,9.69032466171382,2015,17,5.47875402080127,4.9273115834868,30.9362634720766,14.8881135723175,8,22.5261249020696,0
"131",131,37.9994739762988,2016,17,39.5650045662038,5.28449981628219,31.2081760897723,14.3692259318659,8,20.9423215547577,0
"132",132,21.2066242002248,2017,17,17.9958038975029,4.68809685107394,32.6255317671642,14.7605152094471,7,30.7106712693349,0
"133",133,40.146948657046,2018,17,32.9105719410446,4.66114069430197,32.5748661294848,13.8928479938837,6,40.3890492906794,0
"134",134,18.3845498213991,2019,17,6.57170022815002,4.11807584026472,32.1392276377652,15.2694992934376,6,42.0305255847052,0
"135",135,36.8147630016636,2020,17,29.0588351893346,3.84883057084271,33.0783227925919,14.3178404697149,5,52.6619256753474,0
"136",136,3.66059765393396,2021,17,13.2758481218232,4.5779040979825,33.0790640064324,14.3385739572436,4,56.6527878167108,0
"137",137,21.8913512354635,2014,18,13.4747194310318,2.69919873218921,61.7674896446988,15.2770532904381,2,112.197341592982,0
"138",138,15.9234748579545,2015,18,13.6094183643415,2.65824037038253,62.6266499993888,15.4299054998783,2,116.729887900874,1
"139",139,21.5379586910564,2016,18,16.361593215204,2.99731837769692,61.9019706663753,15.2120523177145,1,128.305092803203,1
"140",140,15.6117044961714,2017,18,8.51524664905989,3.14635656999112,62.5212333378168,15.4641169672793,1,142.363587673753,1
"141",141,43.6749683842236,2018,18,29.5579955709838,3.07502558649134,63.4759535130283,15.1819526261197,1,140.15841617249,1
"142",142,23.8129895586418,2019,18,25.1509104405123,2.94467844343503,64.5486121198265,15.4653637766375,0,139.201409062371,1
"143",143,9.02956656831416,2020,18,10.5419647054027,2.58227619542894,64.8758822824553,15.0751694880226,0,145.095611042343,1
"144",144,37.9918559895909,2021,18,32.9750841455833,2.77803950747525,66.2045827864069,15.3829138306327,0,151.415270180441,1
"145",145,31.7742157988142,2014,19,23.052975144293,-0.411257241609984,47.1721055544913,14.9241657756328,2,75.8554701600224,0
"146",146,19.6225098849284,2015,19,17.458665785833,-0.679790622556636,48.0528026566719,14.9939798852397,1,77.3747875448316,0
"147",147,41.0655227720148,2016,19,27.4878789594417,-0.268092073075019,47.9142741096876,15.0208132377619,0,88.8469338789582,0
"148",148,46.3964440311239,2017,19,35.4250339930572,-0.900696955792702,47.9473493614608,14.0322927160036,0,99.6422135876492,0
"149",149,9.09769940957979,2018,19,9.87240266500158,-1.43965507149855,46.4734715827978,15.3367913042281,0,113.958279760554,1
"150",150,48.6280695566437,2019,19,35.1660587454769,-1.32884430186786,48.1259831515569,14.0670764480273,0,126.934359571896,0
"151",151,36.1302313946558,2020,19,29.3311816923618,-1.0085104971346,47.6167889818861,14.0286291278248,0,136.490609790199,1
"152",152,21.2282936260715,2021,19,10.9271508524112,-1.29306836055369,46.4925705674926,14.9357199168717,0,141.086772135459,1
"153",153,16.7296261030184,2014,20,15.6245560300592,11.9728240571549,18.1917563360184,14.4065898595345,7,11.7760606389493,0
"154",154,14.9792118968889,2015,20,11.312767373547,12.3487959717631,18.9841281421923,15.2857637856663,6,14.1958273993805,0
"155",155,14.3108096601953,2016,20,2.31245052250229,11.7877131791106,19.2778538976805,14.5827347970832,6,18.551877643913,0
"156",156,16.4224891052985,2017,20,17.0713494545426,12.2087757529096,20.6102131826652,15.289389274156,5,14.0475509129465,0
"157",157,23.0069403837276,2018,20,16.1799842771627,11.5025611244519,18.7711159536566,13.1264499540862,4,10.7242666324601,0
"158",158,25.3602056509408,2019,20,15.2378423032036,11.2358532608748,17.8826895575125,14.0787419388037,3,13.3712595235556,0
"159",159,11.5498038030182,2020,20,3.5183522021334,11.1331145647427,18.2530705507396,15.0764893716572,3,14.5706535875797,0
"160",160,22.908786497192,2021,20,14.2733272988011,9.78045498375897,15.8069177010168,14.6718939565732,2,14.5761600276455,0
"161",161,2.99580428451717,2014,21,9.43583087093256,-1.9903408305661,47.0774570759386,14.0523215810388,4,15.8354977052659,0
"162",162,27.4132653137647,2015,21,18.6119737457978,-2.1451285340107,47.9258961549244,14.0867387014153,3,19.4073816156015,0
"163",163,20.7507849711928,2016,21,20.92662144371,-1.67903462421252,47.3360876678507,15.0020292619224,2,20.358953429386,0
"164",164,35.295627495173,2017,21,32.8201965639662,-2.12057468138302,47.5724618267785,15.0423136668057,2,32.0024242065847,0
"165",165,14.3304138668733,2018,21,22.9555999184823,-2.27548595742834,47.6578990425653,14.5462457814862,2,30.288345082663,0
"166",166,21.419308199255,2019,21,20.266792587489,-1.84333474830871,46.9223375518946,15.2821734973657,2,43.920468618162,0
"167",167,40.6759178438606,2020,21,34.9925628729873,-1.57878319339866,47.6699988530116,14.9621535710169,1,49.3940882384777,0
"168",168,29.9519402407923,2021,21,21.6292594770951,-1.89700324413769,47.6631941961067,15.3156397875018,0,49.6329641435295,0
"169",169,10.5650689626068,2014,22,16.0223157606256,0.850183054958681,73.4771262807772,15.1754460162218,6,30.8422814588994,0
"170",170,33.6878641998429,2015,22,39.1825505869748,1.08226802091202,74.274641365644,14.8017106884775,5,38.6099300719798,0
"171",171,35.3682247175753,2016,22,31.3414829212583,1.11731265461027,74.7501095446296,15.4957431240171,4,49.3753623357043,0
"172",172,30.9923933310076,2017,22,22.3103359267272,1.10761241727925,75.9077785681052,15.2165397958284,4,51.6349348099902,0
"173",173,16.7525312098701,2018,22,17.6123568453126,1.48462021315266,74.5435259343059,14.9979369601362,3,53.8632117956877,0
"174",174,13.2191474395946,2019,22,14.5251191064459,1.46695551603228,73.5040487977778,15.3725542055739,2,58.2602512883022,0
"175",175,14.1880142421372,2020,22,7.85155176506814,1.52628660120793,74.5611001656767,15.171231416886,2,59.3204329349101,0
"176",176,23.8689722442057,2021,22,23.3181709743685,2.29631118986587,75.1559259860034,14.9942895489073,2,63.9415395958349,0
"177",177,44.5885079129559,2014,23,35.7768768525587,-7.2090133087822,65.8874117117375,15.316479438597,3,41.5228314138949,0
"178",178,29.4723043979175,2015,23,24.0445402543382,-7.34195364734982,66.884644734294,15.1714067465261,3,54.1650863317773,0
"179",179,39.5528608221979,2016,23,34.0462072567522,-6.85190767347235,68.2801701726666,14.3937273448014,2,49.3181062862277,0
"180",180,19.7117537171902,2017,23,21.1727844061967,-6.22585981445388,67.3567720061638,15.0627576219054,2,58.4564242279157,0
"181",181,3.79525725783994,2018,23,4.14950606301969,-6.74781519556928,69.4258459573929,15.3567811674944,2,73.1962302699685,0
"182",182,11.4728670277855,2019,23,5.07562398647323,-6.62231752408935,68.181376958085,15.1028613208644,2,69.7475245129317,0
"183",183,23.4464868672078,2020,23,25.8723459766645,-7.44001509027168,68.4328488076372,15.0410286302908,2,80.4587471019477,1
"184",184,11.2138429699397,2021,23,13.5354192268378,-7.29119079042647,68.3621944533662,15.4439131635079,2,90.7816517306492,1
"185",185,0.229037116448127,2014,24,1.70173562283647,1.40736302927708,55.345296068117,15.2949588021548,3,82.2401136066765,0
"186",186,14.7085300930642,2015,24,16.5615040443038,1.93849416741796,56.1518708955698,14.9205121786267,2,86.1870486848056,0
"187",187,33.6712444825016,2016,24,34.49051045539,2.24794160120873,56.6004620454779,14.7415851458426,2,82.8013917244971,0
"188",188,34.5105276421631,2017,24,28.2851756178664,1.65522897696893,57.1792151149394,15.1947727494591,2,94.8315092455596,0
"189",189,32.6586968616376,2018,24,25.2134364839935,2.03602766056771,57.6920217294891,15.3449618677012,2,104.57197541371,0
"190",190,35.2913898375592,2019,24,27.582810922947,2.11707943403885,56.1406211359728,14.0044950905721,1,107.016178756021,0
"191",191,32.8033420776883,2020,24,29.9887449005515,2.74439656229852,55.5124250234661,14.8516918196184,1,106.329534007236,0
"192",192,51.3358238116754,2021,24,39.015890832144,1.9294886694498,54.2173488583144,14.3301433187575,0,108.489307239652,0
"193",193,3.45212650478872,2014,25,0.0815138605274735,-7.9705565553133,32.5931912474334,13.7581271860353,0,79.3777340184897,0
"194",194,25.6738775241318,2015,25,15.0340540934521,-8.23953311274711,32.9580578444387,14.292151466907,0,75.2000463800505,0
"195",195,57.6701645014454,2016,25,32.5423387917447,-8.85563812417679,33.6621729806103,15.1137889581589,0,77.9207930341363,0
"196",196,8.2811861673699,2017,25,7.92515525496212,-9.26958402060737,33.6648039823986,14.8307688136174,0,84.739340133965,0
"197",197,30.2620375409576,2018,25,13.1863012207334,-9.43906580309375,32.8977875806873,14.7515163717077,0,93.967117536813,0
"198",198,20.306226365118,2019,25,5.21786698745045,-9.48930126733396,31.2805192256614,14.8240377693949,0,92.7231143089011,0
"199",199,45.2245248239579,2020,25,33.1783778133536,-8.98264654395545,31.801335503416,15.3076483857696,0,103.46551027149,0
"200",200,61.1743637334644,2021,25,35.9463480473658,-8.5813286473424,30.503623546779,14.6061991136995,0,108.710385365412,0
"201",201,13.4230082253655,2014,26,5.03573436713204,-1.92813341580776,36.3071499019861,14.9636046896119,6,86.9684554077685,0
"202",202,11.2085769242169,2015,26,10.9614850117508,-1.94010453411138,35.3580975336249,15.0335738839758,5,98.5117891291156,0
"203",203,7.48960281346612,2016,26,11.4188946647592,-2.56002302089141,37.1758595354573,15.0663236985506,5,97.8428371064365,0
"204",204,13.5620392375008,2017,26,1.69538417189462,-3.23414397343509,35.868917985406,14.7589807992045,4,97.0458751171827,0
"205",205,31.2752960052985,2018,26,25.5714928546431,-3.06818915391583,35.7324347819258,15.1334431762055,3,106.352482493967,0
"206",206,35.8139627673179,2019,26,21.5340955084754,-3.49184315504632,37.3061447992149,14.767697899829,2,120.73764720466,0
"207",207,22.8985486533046,2020,26,23.6019075317986,-4.35129392656384,37.4680803082347,14.6537159071827,1,129.556295955554,1
"208",208,25.6952044546051,2021,26,18.1959055078006,-4.60339816323195,38.4819174500094,14.4351026442149,0,137.592337075621,1
"209",209,33.2969604222029,2014,27,40.0990439219317,5.1426290792074,45.0819432036951,15.0348519250748,5,108.035061424598,0
"210",210,23.0451399845698,2015,27,18.7637001994264,5.33680530635083,45.8123919811929,14.4070816696627,5,119.723629225045,0
"211",211,26.91046078174,2016,27,17.1630223216909,5.95382615793193,46.1845356031037,14.6562796857526,4,116.511654038914,0
"212",212,17.1863025920376,2017,27,9.33659116575009,6.09204636045744,47.3382178853179,14.5341631997339,4,117.86666680593,1
"213",213,14.5177466853983,2018,27,11.4723024750733,6.14043799344346,48.3057011615199,14.1592547275266,3,118.402679958381,1
"214",214,44.2387749601053,2019,27,36.7324348932572,5.93372436373694,48.1168711898583,15.0766878993785,2,125.067416313104,0
"215",215,41.4642482658467,2020,27,38.6574464791711,5.99611437119135,47.3968360234378,15.1230390073512,1,123.308087997139,0
"216",216,15.8044067173054,2021,27,16.3502859389501,5.52712890233715,47.3663448181854,14.9913606892616,0,131.589085808955,1
"217",217,6.20093333206736,2014,28,11.5188112927053,0.00850057328729138,36.3796397298574,14.3529201298467,2,101.314183855429,0
"218",218,47.7635562965452,2015,28,37.0189696786936,-0.150881493897874,35.9645036226274,13.756977420551,2,101.296696965583,0
"219",219,31.0140728090191,2016,28,27.7845962164685,-0.165375900073331,34.8511826407362,14.845959782927,1,114.552306318656,0
"220",220,13.9783794883527,2017,28,14.206377912667,-0.347431605590869,35.3022328225791,15.1407308819825,0,113.889299384318,0
"221",221,6.66904807914833,2018,28,4.2489676100081,-0.30128202307976,34.511050445769,14.4702213595701,0,117.534670908935,0
"222",222,7.60122773804699,2019,28,10.4778741131629,0.416771829448767,36.643386935059,15.3257965586702,0,119.324019462802,0
"223",223,28.0925029255974,2020,28,20.85476837856,0.0714343160267554,36.6062234523863,14.2979740395677,0,131.435343744233,1
"224",224,25.4027707823266,2021,28,15.698825811388,0.218352523538865,37.3889073071945,14.5252076240611,0,134.138321410865,1
"225",225,37.5047513449901,2014,29,34.7744041269617,-0.474646977911948,68.4031451353803,15.0912832682991,3,123.229810837656,1
"226",226,39.4381759962566,2015,29,29.5631568035703,-1.01188701678385,68.0364695112559,14.8641624187042,2,128.758163331077,1
"227",227,17.3937959302712,2016,29,11.1264918837813,-0.399536830775012,69.4303682027793,14.2545804749077,1,129.950416013598,1
"228",228,32.5538903253348,2017,29,32.6372654307758,-0.528373112725826,69.2871927919471,14.8985665861143,1,132.168973847292,1
"229",229,36.2673739928092,2018,29,29.5425823125906,-1.0590027256863,69.9425020619286,15.3720058216073,0,140.628423336893,1
"230",230,9.60367061788209,2019,29,13.2058900939082,-0.841547365145941,68.4574276129199,15.2582190974622,0,138.377027134411,1
"231",231,16.2534044170616,2020,29,22.5478575237256,-0.741901236843988,68.7742243487558,14.1994743005666,0,152.733389697969,1
"232",232,33.2239050854317,2021,29,34.3956331023588,-0.932749511114383,69.0940213965036,15.3678604901098,0,151.334509514272,1
"233",233,5.73294674091095,2014,30,2.31038064635493,-2.69311882555862,42.9205290600657,14.8896748472711,8,52.506893016398,0
"234",234,6.24502681895235,2015,30,3.60954022219591,-1.99507504741867,44.1801768663195,15.2997977822146,7,60.7416729489341,0
"235",235,27.6055721447892,2016,30,23.6749383032521,-2.01041851562263,44.2935439200737,14.4122340656988,6,68.6963795917109,0
"236",236,35.2801005571174,2017,30,34.4391746810701,-1.73190521581294,44.4470290908238,14.6663292981493,6,64.5581113081425,0
"237",237,7.44680338216892,2018,30,4.34114090531283,-2.10528533138304,42.8001301029021,15.0529317759896,5,69.6765234135091,0
"238",238,47.0589837688464,2019,30,39.5292878156334,-2.03806472122382,43.1821904337858,15.091765836395,4,72.74733572267,0
"239",239,11.9386891219105,2020,30,5.79107030852939,-1.58705524744852,42.9779915911825,15.1450695376887,3,80.7598446449265,0
"240",240,9.81173705862189,2021,30,6.63112012233786,-2.3870785149143,41.8307701072804,13.7667621773926,2,79.4571130955592,0
"241",241,11.7688635974131,2014,31,2.818711839278,-8.20271817405038,33.1033393833786,14.00353177942,8,118.966736355796,0
"242",242,36.007854018059,2015,31,29.2795735384583,-7.88646636847552,33.935667066806,15.2785588603013,7,128.236519084312,0
"243",243,20.4836020004723,2016,31,14.6285964661008,-7.98409158373492,33.9455970594394,15.0068722646234,7,123.91447561793,0
"244",244,15.663172207192,2017,31,15.8518733561427,-8.32669009490714,33.996970148479,14.9222728014905,7,135.740145263262,0
"245",245,25.7570951024811,2018,31,29.9535271201567,-8.02038781191432,33.6636894957782,14.4069224708166,7,143.468600418419,0
"246",246,20.5285861318853,2019,31,17.4690289354331,-7.42004328396571,34.0777803045458,15.2513401979843,7,156.429386008531,0
"247",247,32.5103219495855,2020,31,28.4537697426637,-7.70840311344834,34.098560524473,14.0679289588134,7,163.396341488697,0
"248",248,14.2717046629447,2021,31,16.1604420698095,-7.62298019109745,35.2251350640225,15.0281225735567,7,169.883153615519,1
"249",249,28.0463785455701,2014,32,16.5028071284629,5.44286009750708,39.8347749514505,14.7776124841065,3,44.5076707750559,0
"250",250,25.5473293489274,2015,32,18.9808972593042,6.25255810088311,40.191906856161,15.2829880013743,2,56.5359761379659,0
"251",251,35.0696539722207,2016,32,32.1052917938365,6.30670413814192,39.747340697612,14.9942619924534,1,52.8458028426394,0
"252",252,12.6578109986761,2017,32,12.8690991156608,6.33890778496771,42.0284801023047,15.1023462932496,0,57.6205923967063,0
"253",253,12.9297371586788,2018,32,16.6272331175433,6.50993838310585,43.4516421894636,14.9303251519338,0,57.8868626477197,0
"254",254,19.7898632625739,2019,32,18.3719317183373,6.80586856504675,43.0634323824103,14.8598536819307,0,53.7906907405704,0
"255",255,40.7997214027499,2020,32,18.1847738224532,6.46022342832596,42.0138403640109,15.1751162641413,0,66.844896171242,0
"256",256,15.5543543144975,2021,32,12.6686272930126,7.09347685675361,41.5494410024221,13.8708295227097,0,69.0793020790443,0
"257",257,30.46174972554,2014,33,27.62270595811,0.587557546341957,25.4236897593364,14.825082834463,7,107.840786986053,0
"258",258,2.01922029502314,2015,33,4.84571321397407,0.622857680347404,25.2846312581298,14.4696761891905,6,117.976204077713,0
"259",259,40.0574797355743,2016,33,34.0428243938408,1.0447594723111,25.5519422797596,15.2236958486022,6,130.001197378151,0
"260",260,16.9473987764185,2017,33,6.96928745117358,1.7007862123796,25.5471658034996,14.6351227854305,6,142.431597453542,0
"261",261,1.97275051042863,2018,33,1.15226026227577,1.47423885421273,24.2155367493866,14.9941824490668,6,152.06423887983,0
"262",262,17.8235380489274,2019,33,17.4646908851794,0.484909076882175,23.6692389665604,13.6159637663899,6,156.207263064571,1
"263",263,18.5814737277273,2020,33,9.89604784619101,0.972509505802845,22.4445748234552,14.56076174795,5,151.233747922815,0
"264",264,13.4093650131596,2021,33,10.9202364829348,1.3942496217536,23.9196768479667,13.8212713859842,5,151.858289428055,0
"265",265,15.6343016829542,2014,34,13.1027868708604,3.97995154168539,55.2637813333422,14.9893624044852,9,71.7620614077896,0
"266",266,-2.3748631098526,2015,34,3.02791219019636,4.51655713611567,55.2406448241368,14.8871726128375,8,84.034793949686,0
"267",267,15.2392952404917,2016,34,6.44845625687832,4.73612912186752,54.5995957688448,14.9849587416528,7,95.693930904381,0
"268",268,5.51261758621446,2017,34,12.6573435518722,4.48827197068862,54.9106062772851,14.7454933841905,6,106.219452721998,0
"269",269,10.0695528596715,2018,34,15.1422903665226,4.58109553090531,53.7031916902348,14.1953830472876,6,119.858694411814,1
"270",270,14.4496190918491,2019,34,9.57026430062414,3.83680434019813,52.1191616958505,14.9219591696466,6,124.472727039829,1
"271",271,31.145402807276,2020,34,29.325798825234,4.3740536190859,52.2757490499417,15.1265963548935,5,123.354511582293,0
"272",272,24.7765221132963,2021,34,20.1585341548689,4.20339285527911,52.5661460262989,15.0715841071081,4,133.075789622962,0
"273",273,30.1245925314544,2014,35,30.9877269910625,-2.61330528158102,32.8642562404275,14.8963570305888,4,101.955559374765,0
"274",274,9.20545333340154,2015,35,5.95507917080295,-2.58490514081956,32.9812543622405,15.0388214881358,3,112.546368548647,0
"275",275,11.703562250561,2016,35,7.49492502141053,-2.81666582037315,32.9332858869749,14.5381768320951,2,122.141439593397,0
"276",276,38.3619930287065,2017,35,32.7015487171568,-1.64406047245167,30.5762479809298,13.7006597621503,1,130.238292254508,0
"277",277,36.1005451296212,2018,35,29.8303945274238,-1.20780755694843,30.5591958320953,15.0616021432,1,135.58191482909,0
"278",278,40.1206384752071,2019,35,22.3522640201034,-0.616122527012163,29.777655076547,14.6900828424624,0,149.102331097238,0
"279",279,26.0418296782187,2020,35,5.23493203930815,0.465670102629731,29.2162029297711,14.6729335624716,0,158.102077329531,0
"280",280,23.0715677521782,2021,35,16.9554703356149,0.301403593701567,29.7570306335258,13.7741694277013,0,162.245138380677,1
"281",281,24.3304884241492,2014,36,34.8132816700919,-1.47473349262174,67.2006328543648,14.9063965370521,9,105.638181110844,1
"282",282,2.69131394838916,2015,36,18.2253067168129,-1.76918996210203,68.5888206378616,14.8887838468143,8,106.003874461167,1
"283",283,20.1229417761192,2016,36,14.3043772633688,-2.18778842008068,67.4526695963143,15.3476569609692,8,111.148090711795,1
"284",284,14.8747473529692,2017,36,19.5089717437233,-2.56046059474664,67.2030158650406,14.7022475636189,8,120.018036840484,1
"285",285,5.19284543423292,2018,36,8.26833761660543,-2.89102698233842,65.6501353009649,15.2706088254395,7,133.225570190698,1
"286",286,20.1496178912378,2019,36,11.7915429078337,-2.45084537653513,66.5999732346419,14.7404718275661,6,133.339976668358,1
"287",287,44.5957153162421,2020,36,38.0601648136603,-1.60993322092819,67.9389418954694,14.790674053559,6,136.490970198065,1
"288",288,32.9972120766688,2021,36,38.4860139753011,-1.0891644121334,68.0498101448026,15.0327215248512,5,144.321174705401,1
"289",289,15.3276214378026,2014,37,9.67578068654922,9.61437836054906,20.438199704513,14.6947287765279,5,84.9382417276502,0
"290",290,46.1749648735789,2015,37,39.3041302781686,8.65918058507848,22.1617657651623,14.6320757656287,5,94.6412955457345,0
"291",291,22.9800429948424,2016,37,20.1947144390748,8.93154021699085,22.5412016808597,15.1147243354786,5,104.219933697022,0
"292",292,21.4170325551401,2017,37,15.1866829918063,9.29344852451986,21.3062760794873,14.9316137507356,5,99.2444494925439,0
"293",293,41.7061496521106,2018,37,36.1866341151717,8.92780724806205,21.1278598761599,15.1133005839259,4,98.6989930318668,0
"294",294,24.9887461770251,2019,37,4.32322528650708,8.65837753630802,20.8551065575962,14.8468202977539,3,104.910118426196,0
"295",295,27.4295768581428,2020,37,20.6289677626296,8.72814718131695,19.3967408641822,15.1285934991539,3,116.888997703791,0
"296",296,41.2996110364627,2021,37,24.641978429051,9.14118808107945,19.3725984367899,14.344341478327,2,128.46625322476,0
"297",297,23.2852700399552,2014,38,22.6689343056462,3.77806434006221,30.1048393780366,15.3173230849143,5,68.6911482829601,0
"298",298,14.2642569100021,2015,38,10.8843040900133,3.26683500543147,31.3100648994254,14.8196231562743,4,70.6525628268719,0
"299",299,15.7791967958603,2016,38,14.786464554539,2.71983954584323,30.4306535648364,14.1323101977074,3,82.5321480957791,0
"300",300,35.8638041206939,2017,38,21.5642268335431,2.85740820531581,30.5936806314982,15.011228201628,3,80.3061392204836,0
"301",301,35.2701865583425,2018,38,24.3338817536093,2.67479997228235,29.9270797279264,14.5677815802524,2,91.9704929972067,0
"302",302,24.16105980575,2019,38,23.8244454678653,2.73266498954971,30.2406083605621,14.3318248462137,1,99.6320123225451,0
"303",303,24.57849968178,2020,38,20.0479602975202,2.64361061528063,29.781094859309,15.0684572674905,0,99.7055797977373,0
"304",304,48.6113543125257,2021,38,36.6089650784462,2.1974031808628,31.9324369375461,14.8231872666603,0,107.07952234894,0
"305",305,21.0489826219882,2014,39,32.3004126686462,2.04401416634828,52.2024191636592,15.3693497744707,8,45.4178175795823,0
"306",306,10.7560918750772,2015,39,8.55076762957587,1.49043889153629,52.0815125756499,15.1938514908927,8,47.4403585400432,0
"307",307,14.240601207079,2016,39,28.4087632908379,1.2876300287241,53.248762004726,15.2751729704082,7,52.0097161270678,0
"308",308,8.02244926367978,2017,39,9.56839214987998,1.11262694381685,51.5411880713108,14.810411876502,6,62.4006102373824,0
"309",309,9.82140485902764,2018,39,4.97798910878283,1.53582666352552,50.9674787770184,14.988500900042,6,74.5440317410976,0
"310",310,14.6976652124818,2019,39,21.974131562836,0.959317511835562,51.1391649610902,15.3550424320902,6,77.2974160313606,0
"311",311,7.24282556799261,2020,39,10.3553046343085,0.867271913225537,51.5942950327406,15.1426055686278,6,81.1280889762565,0
"312",312,11.1932486202247,2021,39,8.85485819147352,0.743499939786296,51.9356542825821,14.6793694489479,5,78.7534114345908,0
"313",313,42.0014522498473,2014,40,39.4205430585795,4.71666976970983,66.2710211332887,14.8067776636424,4,35.8704600855708,0
"314",314,13.0428946157387,2015,40,12.7425943829179,3.6210387575138,66.9582558774773,15.386187341815,3,50.6062862602994,0
"315",315,4.67385379940503,2016,40,8.68189798647442,3.74729861259847,66.7629091735412,15.1622824729372,2,59.0463546989486,0
"316",316,16.5510378444578,2017,40,10.6888144199113,3.16752744661712,67.9311982515751,14.4953902648181,2,54.1009342810139,0
"317",317,27.5606879890562,2018,40,23.6178393053654,2.44619683813477,68.8283521992638,15.4601272162032,1,66.1981475632638,0
"318",318,33.2081733220202,2019,40,32.2816622029277,2.45016078212817,68.2301271216766,14.4494118479866,1,70.7458854280412,0
"319",319,20.6291068441206,2020,40,20.0862329169917,2.01458382155427,68.6660670311114,15.1535755312018,0,66.7712385114282,0
"320",320,22.4738516365783,2021,40,30.9589808743717,2.14997495313773,69.1140284494947,14.4052612967811,0,66.9168881326914,0
"321",321,22.5427317952232,2014,41,26.8428632291477,-4.70367322547551,67.6289491960779,15.4888943864864,7,16.578734498471,0
"322",322,20.7789944406352,2015,41,25.672232348555,-5.1079527590603,66.3878056751268,15.2300868926224,7,24.0220496384427,0
"323",323,4.77047841608457,2016,41,17.243740638187,-4.53616947406748,66.9019263820911,14.6811894951026,7,28.3842616248876,0
"324",324,24.7004747888169,2017,41,39.3279894042498,-4.92941444705716,66.6925260918078,14.3365467084846,7,41.3148734020069,0
"325",325,28.4304064469963,2018,41,23.042572539676,-4.96109664109075,66.3060392252375,15.4220914102458,6,54.2804295849055,0
"326",326,20.4635202180333,2019,41,23.8170249954142,-3.8999077495582,67.7318005035176,15.1552288409697,5,62.971627060324,0
"327",327,29.0843882642286,2020,41,37.4219795414527,-4.28099851839092,69.3891108945624,15.1511936597358,5,77.1697016619146,0
"328",328,4.96545026409646,2021,41,7.87978652081234,-4.46352630024605,67.8490891506945,15.1118070812669,4,90.8144381921738,0
"329",329,21.7077834280838,2014,42,31.7848403116523,-3.26513665527431,63.6111422907561,15.4512699717819,5,104.029640974477,1
"330",330,12.6096319398226,2015,42,15.2440301170711,-3.89742803014645,64.8780604994123,15.3913074918979,4,102.229494019412,0
"331",331,3.88133217580801,2016,42,10.6725532197521,-4.52655983586905,65.0312845555774,14.9541182391268,4,101.872951784171,1
"332",332,20.5565842770391,2017,42,15.59853478373,-5.12435912185699,63.7370023653179,14.6582431628482,3,104.216552469879,0
"333",333,17.2117348495497,2018,42,23.1886498690521,-6.02764699670903,65.1664609917428,14.8767760427149,2,101.735087712295,0
"334",334,4.90669062236581,2019,42,0.79108603412216,-4.99279458138954,64.3461036284752,14.8599738894536,2,109.818691513501,1
"335",335,24.7165417788799,2020,42,31.0659395010538,-4.49118688437521,64.1233906182535,15.2061018111569,2,107.47769549489,1
"336",336,7.48921071583695,2021,42,9.33159788451257,-3.5208238097048,62.0645754587798,14.6979408469859,1,109.600783744827,1
"337",337,34.3080745444174,2014,43,27.5166137505243,-5.37906906529973,30.8945807442069,13.4695650911971,3,35.1826498284936,0
"338",338,43.1318133664692,2015,43,35.2523191831919,-5.85147234122954,31.5154234209612,13.8426929954752,2,36.9050109153613,0
"339",339,20.2923769955892,2016,43,16.4482295984933,-5.68776021667499,33.1852554179656,15.2763529473965,1,49.8545682430267,0
"340",340,4.15559097288742,2017,43,6.41206086932706,-5.50687860906589,33.5225739817276,14.8617200717621,0,63.5678337188438,0
"341",341,15.5235527150077,2018,43,12.4427228105568,-4.95534041810414,33.8471687028532,14.6521679689512,0,76.4553453447297,0
"342",342,46.3036721166792,2019,43,33.1772916144537,-4.59435254487644,33.3272660271443,15.3281875530433,0,78.6005484033376,0
"343",343,9.36596368371214,2020,43,5.1971773524631,-5.4070784248406,31.3953476451004,15.0191390679218,0,89.4781186524779,0
"344",344,36.9825882137503,2021,43,25.4106449648121,-5.65267883712264,30.5437680883777,15.2053278254741,0,98.2231790525839,0
"345",345,11.0331510444938,2014,44,17.9667664970346,-2.70767990357559,71.8665014114231,14.5769344206115,9,12.1056517399848,0
"346",346,32.2644823056175,2015,44,38.0395336928829,-2.48047992405556,71.8864729090698,14.9175449778292,8,11.3367837388068,0
"347",347,8.82592106481545,2016,44,14.2203821600629,-2.11527899372783,70.0247662055,15.4419180625592,8,9.84553953167051,0
"348",348,34.3686046466381,2017,44,29.6523695965586,-2.13857038044568,68.9383759823243,15.3989605232758,7,16.6151649691164,0
"349",349,24.5101889757826,2018,44,40.0035912753816,-1.60688173681331,69.4668750485048,15.2511859678465,7,22.9096599575132,0
"350",350,16.8052581073169,2019,44,21.7487112741787,-1.96915698239856,69.5172406391456,15.2298364069016,7,26.9886839017272,0
"351",351,14.1159781578673,2020,44,18.6766504634648,-1.61680833908126,69.8664752193962,14.9160460752206,6,27.3603175440803,0
"352",352,20.9505543698959,2021,44,29.9101214382062,-0.864149299565988,69.2620783695529,15.4115882385146,6,25.9945689700544,0
"353",353,15.7226587373412,2014,45,14.3525824431164,-1.50342449208828,40.3141469042748,14.466405162802,8,17.77314578183,0
"354",354,22.9131656311368,2015,45,27.7845246615612,-1.39310775985522,40.1706037528896,15.0878247861487,8,29.1766739077866,0
"355",355,12.5339585652457,2016,45,19.7388021397995,-1.5695390434961,37.7744325269122,15.1547721562304,7,37.8007570607588,0
"356",356,17.8433976341602,2017,45,19.4598454711227,-0.881432363356984,36.7475191679947,14.490914140651,7,51.3018359197304,0
"357",357,33.8342282543903,2018,45,34.2819545764636,-1.06911800949278,36.2241909166889,14.5204529536702,7,58.3932188572362,0
"358",358,33.1897493079465,2019,45,35.1901788650855,-1.67682863351396,35.8881559884686,14.1837172500613,7,56.8493901472539,0
"359",359,15.947562142823,2020,45,21.984495937306,-1.06538244806925,35.0084310109045,15.083245547301,7,63.2741029886529,0
"360",360,15.1279904361111,2021,45,14.0971641728046,-1.01802387365693,36.2814591963648,15.1762756792505,6,74.2233398091048,0
"361",361,39.4489808571284,2014,46,21.6359316216089,13.4626036311278,15.3116070711985,13.2366864027267,2,31.6928640846163,0
"362",362,44.6450604517759,2015,46,32.0563771793773,14.0546639401589,16.4595476585039,15.0073414360519,1,39.4619724014774,0
"363",363,37.1584834315455,2016,46,31.9952763664859,13.7538711659708,18.1915724394492,13.4937385237767,1,34.9254847085103,0
"364",364,47.8218813651759,2017,46,39.3494602547758,13.8482296846186,20.5652159257519,14.9202696821221,0,32.156767481938,0
"365",365,17.9778525861531,2018,46,17.3205878213237,14.178034699111,21.3315658062605,14.9365143353618,0,41.9123898493126,0
"366",366,19.2260389140012,2019,46,5.17836263571713,13.8915397278122,22.2940743751529,15.1257026729333,0,50.0664997426793,0
"367",367,21.6984642743985,2020,46,11.9677655491353,13.6735289584007,19.2080748727455,14.6529632312914,0,63.3108540251851,0
"368",368,41.0495831726574,2021,46,27.2034721430656,13.259680426786,17.9577622563358,14.9510691801939,0,63.0661148298532,0
"369",369,21.1004149562914,2014,47,22.3605570124455,1.58092410671491,62.690146593377,15.4292210935577,2,16.9576879404485,0
"370",370,33.7656329670723,2015,47,26.0778557197342,1.13781603381382,63.4881997752628,14.0984832586566,1,28.8118607830256,0
"371",371,25.2732365137202,2016,47,22.1192470337564,1.125017551447,62.5287730148896,15.275971880908,0,27.4978175899014,0
"372",372,46.6361255393948,2017,47,35.9697514390544,0.688828882703053,62.2642371860701,14.8408959836681,0,38.3101300895214,0
"373",373,10.7351699777199,2018,47,4.67315638658867,1.06730833518579,61.4888683694407,14.5361130265819,0,44.433074882254,0
"374",374,5.48383975853844,2019,47,5.79217055243533,1.19404930480507,60.1376917220275,14.3234085785607,0,49.0419845562428,0
"375",375,17.2401005741223,2020,47,18.6665508197769,1.36427342926572,62.6453182477997,15.2634558221396,0,54.9121069954708,0
"376",376,23.623575157156,2021,47,22.2126262903824,1.30511634985795,61.921412937972,14.7837952276376,0,56.574701028876,0
"377",377,20.7201266085292,2014,48,23.2399232288834,-1.82385383247929,35.4028856987134,14.1848550630139,3,101.021540295333,0
"378",378,15.4355400423211,2015,48,18.8868680973379,-1.79326094778486,33.7565578894358,14.375470834597,3,113.115519196726,0
"379",379,29.3535771861937,2016,48,21.6608584471053,-1.74164279456054,34.5800062253329,15.0617264947617,2,125.816558282822,0
"380",380,32.7599963293337,2017,48,26.2924150239781,-2.32372786710703,34.8327612743678,13.9996968155397,1,136.773664932698,1
"381",381,41.032723414098,2018,48,23.1987962691814,-2.2537675884771,33.8258510784961,13.8962649757585,0,133.095530006103,0
"382",382,35.3864169820327,2019,48,23.7471839028529,-2.12356221982537,32.4574929023899,15.0261029534518,0,133.369254632853,0
"383",383,22.592123848199,2020,48,21.7664191369551,-2.33701343986341,32.9328325715978,15.0951789208589,0,148.33833258599,1
"384",384,47.7138886875999,2021,48,32.0721128700447,-2.66706555393977,30.6859495988069,14.7732208912014,0,159.872727766633,1
"385",385,33.0205268001286,2014,49,27.617366168975,-4.31297544063315,34.5984343439341,14.5569264124842,6,70.4011242836714,0
"386",386,30.7198797090339,2015,49,33.7345433112857,-4.42204831034569,33.4986217797315,14.7976715765689,6,74.5304732676595,0
"387",387,44.1596735063533,2016,49,39.4795315287665,-3.98156784386584,34.4406036606148,14.130489993337,6,74.1631193365902,0
"388",388,32.8857270472438,2017,49,28.0581760087395,-4.58163824921698,35.5881649999561,14.4041030246442,5,72.8188398201019,0
"389",389,9.68677670871652,2018,49,7.7068534968914,-4.29458671127952,35.7177377922365,14.8189416405251,5,77.0964593905956,0
"390",390,8.29413637410761,2019,49,10.5813401084075,-3.49520321735267,36.206355106205,15.1697538371266,4,86.2822567904368,0
"391",391,20.7246534981069,2020,49,17.853522046615,-3.55788993807008,35.3772621436644,14.7019275540315,4,93.2513811998069,0
"392",392,46.6180902377255,2021,49,34.0506579485304,-2.90771206744795,35.5593696237537,14.591341039143,3,104.630123227835,0
"393",393,12.4866286475719,2014,50,20.6450545926331,2.84911297240667,53.6102792993188,14.4630377328381,6,33.3056433405727,0
"394",394,7.39944244003564,2015,50,1.55500377056718,2.72279746254447,52.6134489627892,14.7258126682203,5,35.1614435622469,0
"395",395,44.6369884920086,2016,50,38.0408606744098,3.03659502319786,53.303498441851,15.2468072341387,5,46.8443007394671,0
"396",396,38.0704593818695,2017,50,37.5952788489678,1.55104548231391,54.2022021933834,14.2492476001096,5,52.5558390282094,0
"397",397,21.5708015378497,2018,50,22.4625499952954,1.93917232444049,54.2530575711998,15.0985741328133,4,49.5344339357689,0
"398",398,10.8049201510975,2019,50,2.25551812705393,1.34414618055283,56.7253184256549,14.1588696497237,4,60.1977986423299,0
"399",399,18.2429820727399,2020,50,23.6739639211707,1.9175580438497,56.3634553947967,15.0333909564032,4,58.57108280994,0
"400",400,30.3589796579744,2021,50,29.9235533469384,2.39708449671853,55.9200994825002,14.7887310310888,4,55.218006442301,0
"401",401,7.98915497470778,2014,51,9.8223636844272,1.21862792654694,50.9988533612341,15.3787482825584,4,9.0438821259886,0
"402",402,18.1091744137324,2015,51,25.0922113305232,1.52110186488026,52.7050553392442,14.2235802809758,4,9.01599275879562,0
"403",403,11.355226233822,2016,51,8.39222654154616,1.49462548753619,50.2473288147384,14.7987922903558,4,16.5025568054989,0
"404",404,0.635998848562163,2017,51,2.2342726227479,1.89335568830994,50.1803148318574,15.1026169178568,3,28.0904521886259,0
"405",405,14.220307866764,2018,51,7.49091848446337,1.82483914118434,50.8752709959394,14.1943352310217,2,32.8401426784694,0
"406",406,20.7086259134324,2019,51,20.7057442684604,1.53903940709031,51.9481832311935,15.2897837902356,1,32.4193975748494,0
"407",407,19.810045359555,2020,51,13.1274983268944,1.57397371921077,52.6666637354074,14.3129284679502,0,32.8818321647123,0
"408",408,39.8941732649286,2021,51,29.2999228463988,1.51108670438104,52.4631421866574,15.2435491127114,0,44.0513659315184,0
"409",409,10.3115763819317,2014,52,9.41492837686861,-8.93953677144268,67.6920218858868,14.6291408767295,0,119.440264180303,1
"410",410,31.8272102387233,2015,52,27.1539437807071,-7.93225769482113,67.1610547757432,15.4860453847015,0,117.669863654301,1
"411",411,30.7698360798426,2016,52,23.339030392069,-8.70037219886515,66.6161852156804,15.4683907259623,0,117.155646421015,1
"412",412,24.5319850871887,2017,52,18.9608906971652,-8.32354538863764,67.7187312779093,15.4684009849927,0,130.295665878803,1
"413",413,31.2211605675251,2018,52,19.1592417073245,-8.85033257074155,68.2491474466114,15.3105292494668,0,133.164714872837,1
"414",414,7.05651003813175,2019,52,7.30777858663711,-9.12389673429772,66.3546208131677,14.4026935865834,0,130.849431529641,1
"415",415,12.5774230642735,2020,52,5.17626244763411,-7.91649504623755,68.3980271684781,14.9787501522387,0,142.961605014279,1
"416",416,6.45254112230844,2021,52,17.5341639330141,-7.73864820000365,68.0758622743337,15.0938383855383,0,142.409154116176,1
"417",417,35.6992879087023,2014,53,39.8231853411054,5.55694030885951,45.2545545157045,15.1403169236956,8,93.6269005946815,0
"418",418,23.981700625419,2015,53,25.4766683169285,5.50359941902987,44.8232927125563,15.1885861868773,7,98.3685312932357,0
"419",419,12.2884315934643,2016,53,2.64032144197982,5.13257478098322,43.5108738501642,15.1364659623549,7,112.680463655852,0
"420",420,0.840841442290353,2017,53,10.4155037359482,5.1133989685107,44.7767315672741,15.2808047962729,6,108.629910270683,0
"421",421,31.4442049114362,2018,53,29.2036743611216,5.54186800922805,45.3330358654761,15.2413725414688,5,115.665813973173,0
"422",422,11.9975593473241,2019,53,14.2695097680431,5.78028573700081,44.6965188330896,14.8979794716307,4,126.82170547545,0
"423",423,16.315025377496,2020,53,10.1906638184169,6.03785355753901,45.8016000165662,13.8969431001487,3,133.962076040916,1
"424",424,13.8961404739797,2021,53,16.3424478899774,6.4191668618688,45.1631827183631,13.8973258685754,2,145.836623390205,1
"425",425,34.6924017652219,2014,54,37.9996830106515,2.02203844584127,64.5067722536623,15.3477990855815,2,124.946240624413,1
"426",426,2.70768145893669,2015,54,9.60740496103854,1.96217651542699,64.1262441999432,14.3416409090669,1,130.582500253804,1
"427",427,37.3336375514381,2016,54,34.7208869657615,1.89191297286536,65.391581359356,14.6621712879966,0,128.409053706564,1
"428",428,15.301699016967,2017,54,8.43603225713758,1.67484802759967,65.3792035134412,14.8936928886644,0,142.520292759873,1
"429",429,22.0677337553095,2018,54,19.0522908246263,1.56277716677176,64.6051025639701,15.2315611926439,0,148.591607008129,1
"430",430,23.070908263956,2019,54,19.8941734230764,2.5609258159654,63.6575342728106,15.4754610486954,0,161.071325694211,1
"431",431,28.2942301437431,2020,54,22.7148777389344,2.7818901496049,64.6815177459243,14.8853997337542,0,159.508268758655,1
"432",432,21.7019446362796,2021,54,12.2431278876915,3.23960124745029,66.1144650046724,15.1573949607306,0,165.057545406744,1
"433",433,24.0865852501449,2014,55,24.7770659465897,8.77587205380008,45.0294732023031,15.0266547826895,0,17.7818235103041,0
"434",434,13.4602088841469,2015,55,7.32866537925871,9.26640319781355,44.5645850437039,14.8191920517337,0,22.3978835204616,0
"435",435,13.0678038339212,2016,55,12.2307221417526,9.74627930313643,44.3616948107861,14.4593923142015,0,33.7315608840436,0
"436",436,10.489944272113,2017,55,1.84231283238124,10.1974221492508,45.3219425399834,13.9901571828495,0,40.2935869945213,0
"437",437,30.3501818066909,2018,55,27.123522795182,9.9525190680447,46.8749761194199,14.533248826205,0,36.0749030811712,0
"438",438,34.0977035729209,2019,55,24.7497278812613,10.4778772691451,47.9964260535616,15.3037880884482,0,31.520270803012,0
"439",439,37.0230939909954,2020,55,36.5139568688172,11.0262470719343,48.3212975300147,14.5677705469021,0,31.2371053686365,0
"440",440,23.0222797566331,2021,55,11.214636626147,11.1440423069146,47.9351823878743,15.0345321184762,0,35.4109817324206,0
"441",441,10.1219976286325,2014,56,1.99722576398885,-4.41199747474638,53.2870115200058,15.3109338687809,1,106.457454869524,0
"442",442,40.3592339342634,2015,56,25.7890659349585,-4.45236965879948,53.5627115041438,14.2015118866973,1,105.291216298938,0
"443",443,44.4852453786638,2016,56,29.2475469457596,-5.21464266562669,53.9939961787147,14.91425870893,1,118.964679893106,0
"444",444,2.80558208948744,2017,56,2.80219129437347,-5.33706318746251,54.3746293282437,14.6230480428241,1,131.336052641273,1
"445",445,27.2045771480304,2018,56,21.387037719319,-5.23062179621515,53.3725283374737,15.2914447130128,1,132.403698293492,1
"446",446,13.3004869558906,2019,56,12.4590769989674,-5.21109431686575,52.7676831636842,15.2145300123424,0,143.232138329186,1
"447",447,9.26343140912467,2020,56,3.94870816176166,-5.24183256180653,51.0790181425243,15.4164211244093,0,155.296577536501,1
"448",448,37.6454486843841,2021,56,28.9120107734909,-5.56033880674741,50.9965434801525,14.8869851379619,0,158.787840306759,1
"449",449,12.8854909557361,2014,57,9.7522591555776,-2.90293872383317,36.8348995037377,15.1926503989177,4,42.6945596467704,0
"450",450,30.7313242813648,2015,57,25.5347820588418,-2.80271753921813,37.7421449466106,14.041357629638,3,53.0479564657435,0
"451",451,23.7690216540729,2016,57,23.154639432173,-1.96399128892553,38.356154305933,15.3096752487898,3,52.5813559582457,0
"452",452,33.368208562809,2017,57,28.1530087871299,-1.95495934567097,39.9457397361434,14.5617386749189,3,65.3975763032213,0
"453",453,42.5567596176772,2018,57,37.4023634185459,-1.85210991956563,39.7903306091853,14.4862260634973,3,64.9624951044098,0
"454",454,20.8497836092807,2019,57,1.51892530483076,-1.74205590478372,39.881584673718,14.7578624669844,3,60.2880621189252,0
"455",455,4.86434901731706,2020,57,9.29707645577839,-1.80931411691604,41.4035324240348,14.2906554483297,2,69.7114095278084,0
"456",456,13.0794175985247,2021,57,7.93405535709092,-1.79628947379287,43.0062037033082,15.0741590553991,2,78.1425471091643,0
"457",457,9.37793989376214,2014,58,4.37921181046095,3.38873983295871,37.6977404672652,15.1793418629959,6,26.5279784053564,0
"458",458,9.23253683547183,2015,58,1.69082779506266,3.23485416370745,36.4314753807815,13.8333052532804,6,32.1775894472376,0
"459",459,11.8749956946959,2016,58,11.0882358960444,3.77010523199982,35.7994603658747,15.2925786158303,6,30.2250869199634,0
"460",460,16.6137765005481,2017,58,17.1855864210662,2.54083830243345,34.8232773882993,15.062503671074,5,26.8933236971498,0
"461",461,25.0056151940831,2018,58,21.3058449927923,2.25722561616735,35.6033982741129,14.9844229725253,4,36.2946711061522,0
"462",462,39.7349830430614,2019,58,33.6074438076154,2.55351603044639,36.5823247906953,14.5200922126067,3,50.3085237788036,0
"463",463,39.7921065612336,2020,58,34.5997780753002,2.05220323687079,35.3052740526128,14.2886423745453,3,46.7814063932747,0
"464",464,15.3959490470962,2021,58,18.5941199086232,1.97915474818946,36.5135053824024,15.1478655656826,3,44.6601765509695,0
"465",465,19.110519801381,2014,59,21.186484820961,4.56474810435204,47.7508603781462,14.2423938495697,6,104.910685224459,0
"466",466,21.5185722503736,2015,59,19.7377137730232,4.79392634263871,47.9008821263514,15.1385910180606,6,118.931034891866,0
"467",467,15.2290686063866,2016,59,5.88205834496669,3.60105513509756,47.8438299408357,15.0230248142226,6,127.606079732068,0
"468",468,37.3411867130024,2017,59,33.9790309755865,4.39190825655943,47.6024311700544,14.5601673032619,5,134.874758892693,0
"469",469,35.0736013495821,2018,59,33.0149139889385,4.4759961047139,48.6300090514545,15.3392890215729,4,147.71950608585,1
"470",470,21.4487516480571,2019,59,27.6792998215063,4.4982604653884,48.1224763272273,14.2554238652512,3,152.624525297433,1
"471",471,13.865916792602,2020,59,15.1084341525256,4.24576359572279,50.1996601301098,15.0649814670056,3,149.389771106653,1
"472",472,17.0239540533361,2021,59,3.60768202849983,3.1579938996479,50.0880281975969,14.6946517122613,2,163.113549146801,1
"473",473,8.60534515142924,2014,60,3.48477518453662,5.24612009823643,70.8911441685632,14.9497038118819,7,34.5339115895331,0
"474",474,5.05813235180436,2015,60,3.1157721677049,5.12362421203892,72.5918832692155,14.3186617841588,6,48.4491943754256,0
"475",475,27.6741894883734,2016,60,31.6398311156029,4.7622916075746,71.4865432632099,14.7087716679179,5,47.5777805363759,0
"476",476,29.7199804776772,2017,60,35.018495624807,4.98075158600867,70.6912057709066,15.3732868471693,5,55.1141049060971,0
"477",477,16.6208241392364,2018,60,15.3320766757394,4.67620460933238,70.0336736509342,15.3750382561933,5,56.8031870108098,0
"478",478,37.9708861806567,2019,60,37.2223956583864,5.16439596738977,70.2036048897573,14.2548440072755,4,64.743581386283,0
"479",479,25.4928190604218,2020,60,19.9477500935919,5.29317112285445,68.590974456318,14.9118477345907,3,70.42985687498,0
"480",480,9.74200176511786,2021,60,5.43492682697083,5.80513607524439,67.2140875220678,14.3419816980068,3,77.810367224738,0
"481",481,25.30472838925,2014,61,20.494098252947,-10.1950791402971,17.5100486632437,13.4571086945921,5,59.8921443149447,0
"482",482,23.1853883816953,2015,61,19.6899995668644,-9.97820837761373,18.960802603599,14.9939366134619,5,57.323598540388,0
"483",483,39.9300744157197,2016,61,29.1442875135738,-9.99074171840393,19.0460849284789,15.1192982153671,4,56.5720416931435,0
"484",484,24.9570947519814,2017,61,17.9818422809526,-9.88773903892814,20.2056785079159,14.7839709967331,4,56.1419146880507,0
"485",485,9.10642141606783,2018,61,1.75190660330297,-9.93180750408113,19.2721301947627,15.0868757822259,3,60.1522582350299,0
"486",486,20.4529857382768,2019,61,6.82520142920337,-10.2417275533139,18.4301200224626,14.1859533565342,3,61.406655870378,0
"487",487,19.5980226576275,2020,61,12.8043221557335,-10.8422908664862,19.006602162899,13.9665238404822,3,63.7777360109612,0
"488",488,57.6122200391459,2021,61,38.0115322705871,-11.7430055588789,18.0137291876496,14.493659573921,2,72.6856928365305,0
"489",489,31.5154316130868,2014,62,36.8277431276463,0.334163454227582,73.1518036639318,15.426643071436,4,33.1762291584164,0
"490",490,17.1602023959445,2015,62,19.6199901089507,0.0588204218797658,74.8969006822514,15.1336247743975,4,36.588983880356,0
"491",491,3.6489523088499,2016,62,1.94523226742262,0.579476233197199,76.8402840061583,15.1990851126379,4,41.2615146534517,0
"492",492,23.6035308453917,2017,62,18.7210119805078,0.502263524478362,76.1956187522781,14.7739741609305,4,37.5569947622716,0
"493",493,15.6751954045546,2018,62,22.1601526492949,0.444295168682389,75.5804147885853,14.4959262419451,3,45.3868405707181,0
"494",494,13.7230853772332,2019,62,20.6993947111646,-0.0415193786967903,76.0106937895976,15.4447872027859,2,51.5275194123387,0
"495",495,18.6730991493148,2020,62,23.8284502161099,0.168842444874026,75.9368581341494,15.2754012785076,2,65.8264300134033,0
"496",496,8.78365918285622,2021,62,3.99558954098165,-0.349085305575806,76.5528447510801,14.8100811992414,1,73.3899337565526,0
"497",497,25.1765255016216,2014,63,23.1581976885576,-3.94180065634174,60.5293386569247,15.4255454913844,1,68.1106793880463,0
"498",498,21.4533077230433,2015,63,21.8445871513679,-3.12764164631886,61.0740649310496,14.2575721062067,1,82.2086045145988,0
"499",499,5.77254668580444,2016,63,5.58231978045151,-3.46520582766617,59.7788679119951,14.4397566510956,0,96.0460614878684,0
"500",500,38.7548994082083,2017,63,29.3578444992354,-4.31880077691473,59.0337373917361,14.3588242913906,0,110.188321499154,0
"501",501,10.2874030612286,2018,63,10.1432347094626,-4.631883793763,60.2216813756218,15.0695039479852,0,115.633828490973,0
"502",502,0.895025550321061,2019,63,1.73912386604009,-4.05665201092774,60.0061403447085,14.2407735600087,0,129.894526638091,1
"503",503,7.77995583527067,2020,63,11.0936385613073,-3.80299287563662,60.2972921062838,14.8373464358593,0,127.279318496585,1
"504",504,16.6241321100694,2021,63,12.0416586346486,-3.49586093260654,60.3920860765452,15.1037642680003,0,141.093202983029,1
"505",505,-0.204514384792992,2014,64,5.67355052675099,3.45802204640676,66.7192698223516,15.2147873254322,3,79.0326188784093,1
"506",506,13.1988810601284,2015,64,7.74449358528116,3.25605885784702,68.0154669716682,14.9042735673466,2,75.9335610782728,0
"507",507,3.40388289987554,2016,64,2.26935578187282,3.73913626912096,69.2182176008778,15.334427201445,2,71.1231911787763,0
"508",508,29.7003488841836,2017,64,28.2393972035205,3.62414166635052,69.8817982934335,15.3662071280234,1,66.5796384727582,0
"509",509,-2.468802185382,2018,64,2.27270973716957,3.53136624984586,69.3028385226407,14.978744812457,0,72.1577762346715,0
"510",510,29.7726275472498,2019,64,23.5874823680172,2.97998312420865,69.2003316217669,14.9040097910254,0,78.2575056469068,1
"511",511,8.2824328282561,2020,64,8.06006263851875,2.93896509678963,69.960053522974,15.1107624555009,0,89.8357826564461,0
"512",512,40.2330644905449,2021,64,32.0579104380892,3.15963231784857,70.8088082337893,15.5043243225304,0,99.6465746080503,1
"513",513,15.9291104560074,2014,65,6.26228694948965,3.46659138331962,26.4272678922862,15.1260334616121,0,21.8705254886299,0
"514",514,52.9804727663624,2015,65,34.5012047713247,3.76741222708503,25.723137888745,15.2640276823505,0,28.1586763262749,0
"515",515,49.4797277360382,2016,65,32.7944484276335,3.990632696551,25.4053863624289,15.1496203204362,0,23.746762694791,0
"516",516,47.7243228745821,2017,65,33.2785571529066,3.63112454411664,25.7035210202291,14.5409086599636,0,36.9036133168265,0
"517",517,47.0627948951205,2018,65,31.6328939760958,3.23964801706174,24.1540858160382,13.2712804029307,0,40.4808889143169,0
"518",518,18.3406522551835,2019,65,13.1723314916686,3.8132091492074,23.7880894455281,14.9932284519501,0,43.6823508096859,0
"519",519,24.5867514759657,2020,65,19.7220186034516,3.8324373567457,24.6967341617832,14.6921328302222,0,43.3121282607317,0
"520",520,24.3528057138623,2021,65,16.7669344980204,3.58172665906393,25.0538911592294,14.67081114107,0,49.1266889544204,0
"521",521,9.18563817908898,2014,66,4.15056388061021,0.925569827432739,69.0632052440196,15.4740749270407,2,82.0277591794729,0
"522",522,36.1866692354861,2015,66,36.3948829129963,2.07494005436399,68.7342312389831,14.2329570717384,1,88.0360993742943,0
"523",523,10.57363516574,2016,66,7.03546139764843,2.19106789447195,67.9644385159528,14.2380276323902,0,90.8049323223531,0
"524",524,12.463960806792,2017,66,11.809216845349,2.90576693171159,67.8534824651627,15.4523472455701,0,97.6920374669135,1
"525",525,27.289223230343,2018,66,35.3220848099364,2.83979892461269,67.9361691455847,15.3384617843821,0,97.0151893189177,1
"526",526,23.4654756202459,2019,66,20.9859636732014,3.35838405098581,68.1776485783371,14.7969500897964,0,97.3824496706948,1
"527",527,38.9193846879495,2020,66,33.8353301197687,2.90250523844029,68.0611118219296,15.0876865413278,0,94.1080086771399,1
"528",528,2.62290608660134,2021,66,0.989937289125426,2.89313497361534,68.6990865636279,15.2028706508652,0,93.4712185850367,1
"529",529,30.669644417408,2014,67,31.5210307669752,-6.43062426387679,68.7208953872323,15.3425396234948,4,121.451858580112,1
"530",530,5.9990556457891,2015,67,18.7397722643169,-6.16670921900503,69.6953696622615,15.0003130061633,3,132.490794244222,1
"531",531,-1.11552644214544,2016,67,1.26178215202591,-6.43651049071687,70.3217034842677,15.3565789803691,3,137.523226588964,1
"532",532,41.214146514428,2017,67,36.3519601334444,-6.45157066655835,69.0246084604204,15.3916922888783,3,140.518038198352,1
"533",533,19.0469812711279,2018,67,22.9523090631492,-6.26272118391432,69.9823281247469,14.362070903746,2,142.030627406202,1
"534",534,18.4739031944342,2019,67,20.3009798761335,-6.60144121377704,67.829961379044,14.9509661441834,2,141.031236238778,1
"535",535,26.2782412484531,2020,67,14.7853893307964,-6.30810170197547,68.0681524985414,15.1678487905396,1,136.428928393871,1
"536",536,38.8548025004701,2021,67,33.1008358243578,-5.86914150202934,68.2368736687879,14.7905696909443,0,138.160441787913,1
"537",537,36.3772857781568,2014,68,36.3531542020884,-12.6096062991498,39.2112647322938,15.0313680071879,6,124.469521278515,0
"538",538,31.3302609849489,2015,68,30.2053477410381,-12.4757251573238,39.6623373371083,15.3216057498495,5,137.67850745935,1
"539",539,-3.44753526518753,2016,68,8.64572782991616,-12.7582389391073,37.7549893014186,15.1183371057733,5,142.244132170454,1
"540",540,15.3504899403165,2017,68,13.3046686757057,-12.7616713045316,36.8774905908216,15.2088007698149,5,150.404035444371,0
"541",541,2.05160191982147,2018,68,2.96274665216459,-12.2210170837311,36.5763232363621,15.1816100168456,4,156.165429968387,0
"542",542,24.4317565769137,2019,68,28.8860613072527,-11.534264916729,37.0735622273819,13.9727448243571,4,166.922239786945,1
"543",543,6.92362241932456,2020,68,6.73726944831613,-11.7750745578426,40.0192945234099,15.2731471978683,3,180.666874190792,1
"544",544,12.6188047976678,2021,68,8.45902454331903,-10.4949844343345,41.3747895946755,14.6741782201604,3,188.37761098519,1
"545",545,10.3013519701189,2014,69,11.4944145727642,-1.09087128960181,17.0006479416043,14.2631674661325,9,16.4848638884723,0
"546",546,31.6482003549422,2015,69,29.9378330247122,-2.01944247831277,17.2726762657988,14.2686191731247,8,13.3579776994884,0
"547",547,33.8229437240713,2016,69,27.5243625898489,-1.83917244450531,15.6883529093152,13.5583119140584,7,14.9946179892868,0
"548",548,45.9497654013488,2017,69,33.1825012797039,-2.04828411395115,16.3665254335401,14.5911681919084,6,26.8521585036069,0
"549",549,47.9692693374882,2018,69,35.5604348928303,-1.45706679426884,14.535108638143,15.0702536976375,6,24.7026882180944,0
"550",550,35.8315049203159,2019,69,27.7688493656647,-2.04525522445783,14.3037844506205,13.2977049660147,6,27.998592313379,0
"551",551,8.15178532656217,2020,69,11.7326098743592,-1.95417623707786,14.6863818560976,14.096475662338,5,30.4392523923889,0
"552",552,22.9808122072314,2021,69,12.9725990200218,-2.278100379606,14.4266642562416,14.0444334864352,4,44.8078483389691,0
"553",553,22.5551824249962,2014,70,19.0062605222673,4.0828606408792,63.946087625809,15.3612039911204,2,25.0158014334738,0
"554",554,12.0648874646805,2015,70,4.07705956254176,4.84991450137612,63.2746184439263,14.9552810432499,2,25.2471821242943,0
"555",555,32.360631060588,2016,70,33.7519277227845,5.205795295273,62.7391297805173,15.034848696708,2,39.8896068381146,0
"556",556,23.0748845024913,2017,70,26.7798008453516,5.02953991631927,62.0220109843085,14.4665055658732,1,44.7121367044747,0
"557",557,21.7751317781955,2018,70,18.7003156918411,4.73567320668135,61.9001857286763,14.1146111304704,1,53.1930376263335,0
"558",558,9.30734267872549,2019,70,5.16317205807682,4.69126970527559,62.4928108848323,14.7708830811466,0,68.0940716993064,0
"559",559,34.6686585088354,2020,70,29.4667738688609,4.18145528309715,62.7623796601839,15.099055067275,0,71.0747186373919,0
"560",560,43.3359824695408,2021,70,38.5694053045929,4.72549532749954,60.1826963078185,15.4146268100016,0,76.5510690864176,0
"561",561,30.7758536024784,2014,71,30.7821686860936,-3.1818105288616,49.216625103727,14.5796996983728,8,77.2605764772743,0
"562",562,16.1241535704757,2015,71,19.2513645525598,-3.2066075301546,50.6530824502749,15.2757739888904,7,89.7812008438632,0
"563",563,23.066704478711,2016,71,20.8307526800749,-3.16956330309928,51.5964607163151,15.4047013137319,6,104.35341687873,0
"564",564,20.8701238199051,2017,71,24.7574564781407,-2.90348926835676,50.6264096711035,14.4493259840186,5,99.7109432099387,0
"565",565,33.6521975738618,2018,71,35.3421215215167,-3.82599590267522,50.3777295604881,15.1624969961347,5,105.736750848591,1
"566",566,13.5394286116262,2019,71,11.5244104162881,-3.94683493814628,50.841010193626,15.2667802123199,5,109.756056377664,0
"567",567,26.9508508843866,2020,71,30.4146090145767,-4.70665298203858,50.6964371902419,14.3109503459383,4,105.502623715438,0
"568",568,43.6220901285361,2021,71,33.6898011062299,-5.06253013949276,50.301855946012,14.2957779385705,3,113.548489119858,0
"569",569,32.1307915115668,2014,72,32.6594307679098,0.0521005074661771,29.5343617536128,14.6392082970391,5,43.2828372064978,0
"570",570,18.5245010587858,2015,72,18.1123828561601,0.157261245773129,30.0547132778248,15.3121555574025,5,57.4726299429312,0
"571",571,14.329681564167,2016,72,19.925995714253,0.74410978416683,30.7730044660574,14.4572175828403,5,59.8425598163158,0
"572",572,41.8604657656548,2017,72,34.5925966858855,0.813126156258881,29.389623404257,15.2588254928617,5,68.7561091128737,0
"573",573,34.9158513700543,2018,72,27.1255566057134,1.15469199895884,27.3514446215637,13.8100495289423,4,73.4398322878405,0
"574",574,24.1100549295683,2019,72,24.1649535285576,1.2853151252333,25.8761962005037,15.3124566944817,4,74.1864199191332,0
"575",575,21.7968107233406,2020,72,10.806935844519,0.949550606051294,26.5827160181575,15.2303450718129,4,74.629764361307,0
"576",576,43.4141900137579,2021,72,37.0410366817754,0.435514568726524,24.8935054183056,15.1139021904754,4,73.074566735886,0
"577",577,26.1150979028613,2014,73,14.2826656669415,-4.19092136218267,29.831500723958,15.1691615127975,1,32.3426859918982,0
"578",578,26.0802151539827,2015,73,20.4133572723056,-5.01304778556251,28.7729090826562,14.3254327807137,0,33.9957115286961,0
"579",579,8.44897140485784,2016,73,1.51616279120818,-5.9571632913359,28.4541641228099,14.9642270354346,0,33.1973946653306,0
"580",580,31.138663059093,2017,73,24.6177050313779,-5.81742149271373,27.6375017077451,15.0930704829105,0,31.3179373648018,0
"581",581,35.8960471874544,2018,73,24.8559659099213,-6.69421632153045,27.2873236650684,15.1962645594745,0,44.3643275042996,0
"582",582,32.5379278421657,2019,73,24.9822036068794,-7.75349939204996,25.933733709645,14.9041270934142,0,44.6147886477411,0
"583",583,21.9671859744212,2020,73,16.6283576005891,-8.39470875271121,24.106881010015,15.0967937684564,0,59.4940930372104,0
"584",584,21.9323297750082,2021,73,11.5246880237032,-8.38920399026487,26.8626906749177,13.6246962321096,0,57.5028658052906,0
"585",585,8.221518675238,2014,74,6.15451826225687,-3.6390235028163,33.8612837344408,14.6570938516897,2,28.4045298397541,0
"586",586,35.1441615922158,2015,74,28.3021092448772,-3.79621954870243,35.7417875792766,14.8473716860129,1,24.1993856523186,0
"587",587,33.6686226919485,2016,74,24.0886103166131,-4.06508441100559,35.0567094010013,14.8173180760174,0,24.7450224868953,0
"588",588,8.32106273250864,2017,74,10.8687813344609,-3.72865951986277,36.1136705812115,15.305553027635,0,22.0513290213421,0
"589",589,12.7563569913198,2018,74,5.58219874862605,-2.90351645900076,37.0464750494642,15.1507847960523,0,21.4155752537772,0
"590",590,31.4558557168808,2019,74,31.8335052546267,-3.18969628997146,36.4076993491583,14.7424005326097,0,33.4898184146732,0
"591",591,12.848804048044,2020,74,10.633937870608,-3.25568752345015,37.6155987805299,14.8820010293526,0,47.3709397250786,0
"592",592,29.0780908247207,2021,74,26.8883698704443,-3.51401642919954,38.1071378128472,13.9966416601103,0,51.3411212060601,0
"593",593,12.8640607643225,2014,75,3.4335991718379,-4.70948260332889,26.1756063904613,15.080336321983,8,121.076242923737,0
"594",594,39.3362969309431,2015,75,37.1892384817971,-3.87669528475553,27.5681197152337,14.4674236736336,7,131.350895911455,0
"595",595,18.5736506255113,2016,75,12.0079445244126,-3.54310844348706,27.981296314193,15.1885613738128,6,127.387141077779,0
"596",596,5.90282242562541,2017,75,5.0947543297892,-4.03865884849668,27.871349537156,15.0373167731376,6,141.853059977293,0
"597",597,10.8165111950552,2018,75,2.22568328738479,-3.85515193147279,27.7185082778006,15.2146592439304,5,147.300048288889,0
"598",598,32.4470611102658,2019,75,25.0747197831169,-4.08887493270415,26.5639577673235,14.5743438798075,5,161.89641890116,0
"599",599,26.7714590179473,2020,75,27.668962253046,-4.70354887829121,26.5345113496549,14.4688358574334,5,176.184101495892,1
"600",600,28.8574693635252,2021,75,24.1976486215557,-4.03456076771089,25.5286901207873,15.1243099565663,5,172.278566597961,0
"601",601,21.9417468415712,2014,76,20.369086282496,4.58819714003201,54.0830953046679,15.3259633076491,1,60.6793992593884,0
"602",602,5.4313134150385,2015,76,1.47365779265247,4.21722007288999,53.2151817616104,15.3011985677893,0,60.3567394753918,0
"603",603,7.25921105965102,2016,76,4.63516260494591,4.2729882518439,53.3004139818778,15.3182664651088,0,59.1294255154207,0
"604",604,9.39277061292194,2017,76,5.10784389524011,3.81642514553184,53.9158251654728,14.8971343463726,0,68.8488709600642,0
"605",605,22.9759525733716,2018,76,19.7625191465272,3.2948457508929,55.6308884749838,15.3386982557556,0,64.8490411275998,0
"606",606,11.9376594915995,2019,76,5.68811549935499,3.23172418467149,55.7599668842894,14.7367805873606,0,71.1109193228185,0
"607",607,36.0074937250225,2020,76,28.8200185938416,2.92701841180867,55.3206797549868,15.4191450707672,0,78.3962147030979,0
"608",608,47.1757514539648,2021,76,34.2748923912974,2.3023109018022,56.1803241410776,15.2181940227756,0,76.6023512091488,0
"609",609,46.1036241006956,2014,77,36.2839666350817,0.126108069937829,52.2108901944011,15.1038729154387,1,49.8845058679581,0
"610",610,11.9641791742599,2015,77,10.5307657405579,0.174393294801976,53.6052217524905,14.683772002684,0,53.6491338536143,0
"611",611,16.5080918972862,2016,77,8.73356696449972,0.23653153421865,55.0931616748411,14.6207365905617,0,50.1187470927835,0
"612",612,31.2223859534251,2017,77,29.9003102610388,0.381090421047472,57.6649656508638,14.2832316966499,0,56.9290327141061,0
"613",613,15.7333557442011,2018,77,11.2609905614149,0.136733501003533,58.7154802818338,14.7143308718023,0,61.3560726400465,0
"614",614,35.0015539917927,2019,77,27.2966786121454,-0.220284054945325,58.7788972564018,14.2296987879226,0,58.4983177157119,0
"615",615,17.5314895667419,2020,77,13.4101394386274,0.287351054468338,59.3165856321905,14.2570258883451,0,71.06589788571,0
"616",616,11.7471472498601,2021,77,4.14267300330514,0.485038081621226,59.529175034813,14.4614547262043,0,75.6562158837914,0
"617",617,33.2438578779233,2014,78,33.7926952240079,-2.98074873843414,57.9470692528412,15.3019924820752,1,68.2839032355696,0
"618",618,23.53453661121,2015,78,26.8526791135165,-3.47876815404363,58.511450757875,15.3704447333457,0,78.7612837739289,0
"619",619,14.1567717553715,2016,78,10.8713701984923,-3.37375181549571,57.1420812915929,14.595164579941,0,90.7260118424892,0
"620",620,22.2407428026259,2017,78,13.2486132416104,-3.52645819837514,57.7927502484963,14.2546198667464,0,86.7790018999949,0
"621",621,24.4305543858057,2018,78,21.6072895073662,-3.77369841028243,58.0537573045835,15.0314952499421,0,99.5852821785957,0
"622",622,28.0379098050931,2019,78,20.7802708144854,-4.40707057966779,57.4411279244052,14.8463036467869,0,106.728197424673,0
"623",623,38.8161153904884,2020,78,28.0575017392081,-4.26237553703087,57.5634871568821,14.8150703270595,0,108.883890821598,0
"624",624,46.6421427250012,2021,78,38.4867225609962,-4.5137325730243,59.0301027769507,15.0181457409216,0,120.988027430139,1
"625",625,36.8927644915863,2014,79,38.1363343262512,-3.09813337987754,47.9930404247716,14.7935655242191,5,42.7785151079297,0
"626",626,35.5181197965585,2015,79,27.4112587661074,-3.0501875454808,48.2421763013809,14.1086308296667,5,57.1633907500654,0
"627",627,9.93930332561227,2016,79,14.3733816847506,-2.77678465514356,48.4583988457801,14.5297124455275,5,71.240814528428,0
"628",628,26.6098083982339,2017,79,19.9635288273676,-3.31520728228249,48.0483332171859,14.80067243906,4,78.7021234771237,0
"629",629,16.1820420465256,2018,79,22.8331415002741,-3.45546864443506,48.8619631854936,15.3269532657278,3,89.3702240334824,0
"630",630,8.29225711861748,2019,79,8.95523832030596,-2.768313848344,49.6584237323204,14.3114593231039,2,103.719478924759,0
"631",631,17.9614729073589,2020,79,14.5843231592521,-2.77463767182282,48.851537610433,15.0929183484572,2,116.977841909975,0
"632",632,31.6356244840721,2021,79,20.7251036126538,-2.26611987744138,47.7132468716166,14.5592944711213,1,118.042667256668,0
"633",633,39.6889255017221,2014,80,38.6800480699619,1.57191364070537,71.1174078471959,14.8094615284607,4,120.129438927397,1
"634",634,9.72109603657557,2015,80,4.11808660939895,2.11160324228443,70.3010072570974,14.8651908396496,3,124.639628222212,1
"635",635,18.2626842063972,2016,80,15.9333040959304,2.3165128505278,69.2507563519158,14.4805479321611,3,125.647729700431,1
"636",636,35.5532448119184,2017,80,35.8088940173104,2.45372546555265,68.1096036798001,14.4852641871461,2,121.472606891766,1
"637",637,18.5844074729146,2018,80,9.42457162443265,1.73255024759393,67.2803112293441,15.4878419426255,1,132.382535403594,1
"638",638,6.63306118213561,2019,80,1.26253414395078,2.51311554790761,66.6321253764445,14.723052632741,0,139.998352541588,1
"639",639,4.20502402324633,2020,80,2.44189418007147,2.79755845859687,67.6048221681038,14.9166505354862,0,141.050875689834,1
"640",640,37.4380405699955,2021,80,25.3409806009843,2.63809933178693,66.1969398910239,15.3364142835392,0,152.206038171425,1
